1,Adrian Scott
2,Joshua Kelley
3,Melissa Maxwell
4,George Gordon
5,James Cooke
6,Daniel Montoya
7,Amy Adams
8,Michael Harper
9,James Williams
10,Charles Bowen
11,Robert Mason
12,Jessica Hughes
13,Carlos Webb
14,Jennifer Harvey
15,Michael Martinez
16,James Scott
17,Anthony Smith
18,Jacqueline Richardson
19,Andrew Holland
20,Dillon Merritt
21,Stephen Dean
22,Troy White
23,Elizabeth Bailey
24,Thomas Garcia
25,Sandra Colon
26,Wesley Wood
27,Dillon Merritt
28,Zachary Jackson
29,Tina Gutierrez
30,Cody Beltran
31,Heather Bolton
32,Susan Rodgers
33,Morgan White
34,Amanda Evans
35,Tina Ross
36,Greg Norman
37,Tony Small
38,Erin Castro
39,Jason Smith
40,Michael Williams
41,Brandon Gonzalez
42,Chelsea Welch
43,Alyssa Campos
44,Zachary Velez
45,Jose Jensen
46,Angela Mccarthy
47,Richard Hooper
48,Stacey Ramos
49,Sarah Foster
50,Lance Yang
